Ticker,Name,Price,NWCI,CFOA,D/E,PAT,Dependent variables,,,,,
HEXW IS Equity,Hexaware Technologies Ltd,261.95,539.583,4396649984,0,3799342336,1,,,,,
GPPV IS Equity,Gujarat Pipavav Port Ltd,155.95,-27.652,0,0,3437202944,1,,,,,
SYML IS Equity,Symphony Ltd,2532.5,-23.166,1247890048,0,956445504,1,,,,,
SWH IS Equity,JSW Holdings Ltd/India,1014,0,369806016,0,367102016,1,,,,,
ECLX IS Equity,eClerx Services Ltd,1318.5,271.46,2628900096,0,2050551424,1,,,,,
WIL IS Equity,WABCO India Ltd,5569,299.326,1369753984,0,1165832064,1,,,,,
ALST IS Equity,Alstom India Ltd,566.3,-3856.1,2180800000,0,610615616,1,,,,,
RIIL IS Equity,Reliance Industrial Infrastructure Ltd,435.95,-35.663,411470016,0,146412640,1,,,,,
SWE IS Equity,Swaraj Engines Ltd,853,75.611,715564032,0,409808416,1,,,,,
PG IS Equity,Procter & Gamble Hygiene & Health Care L,6229.1001,-2183.6,4995400192,0,3085426688,1,,,,,
HCP IS Equity,Hindustan Copper Ltd,49.15,1070.041,2917464064,0,129367792,1,,,,,
ENIL IS Equity,Entertainment Network India Ltd,730.95,48.643584,1042212800,0,866992000,1,,,,,
ASTR IS Equity,AstraZeneca Pharma India Ltd,1209.9,360.590419,-407785696,0,-263192576,0,,,,,
CRISIL IS Equity,CRISIL Ltd,1803.8,127.655177,2737689088,0,2540722176,1,,,,,
BJCOR IS Equity,Bajaj Corp Ltd,387.85,-111.81,2296171008,0,1849408640,1,,,,,
TELX IS Equity,Tata Elxsi Ltd,1978,-256.3,1483762944,0,1003310592,1,,,,,
MHSC IS Equity,Maharashtra Scooters Ltd,1190,-102.285,489992992,0,-81488000,0,,,,,
HWA IS Equity,Honeywell Automation India Ltd,8670.0996,0,0,0,1167347200,1,,,,,
NMDC IS Equity,NMDC Ltd,93.45,-4075.4,61859901440,0,49740541952,1,,,,,
AKZO IS Equity,Akzo Nobel India Ltd,1290.5,0,19085000704,0,1421299584,1,,,,,
ESAB IS Equity,ESAB India Ltd,539.85,0,0,0,216894096,1,,,,,
GILL IS Equity,Gillette India Ltd,4443.8999,704.4,1851600000,0,2159251968,1,,,,,
CLGT IS Equity,Colgate-Palmolive India Ltd,808.4,0,6656340992,0,5374345728,1,,,,,
CSTRL IS Equity,Castrol India Ltd,376.7,0,2672762112,0,5536735232,1,,,,,
KKC IS Equity,Cummins India Ltd,858.7,0,6159600128,0,5556388352,1,,,,,
FAG IS Equity,FAG Bearings India Ltd,3898.95,-84.9,1430700032,0,1611578240,1,,,,,
NACL IS Equity,National Aluminium Co Ltd,38.95,11190.3,10953299968,0,8226677760,1,,,,,
HZ IS Equity,Hindustan Zinc Ltd,171.55,-5371.2,62750101504,0,57926602752,1,,,,,
SANL IS Equity,Sanofi India Ltd,4396.5,-352.8680115,1736022912,0,2313810688,1,,,,,
TTSP IS Equity,Tata Sponge Iron Ltd,469.6,700.623,-1531000,0,598678016,1,,,,,
ACC IS Equity,ACC Ltd,1234.65,8.1,14384300032,0,6610202112,1,,,,,
MJS IS Equity,Munjal Showa Ltd,172,534.574429,521209952,0,697678016,1,,,,,
VST IS Equity,VST Industries Ltd,1680.5,0,1240193024,0,1399634432,1,,,,,
INFO IS Equity,Infosys Ltd,1145.35,-13868,82300000512,0,1.06E+11,1,,,,,
MOIL IS Equity,MOIL Ltd,205,726.592,3031236096,0,2227359232,1,,,,,
BATA IS Equity,Bata India Ltd,484.75,0,0,0,1448374144,1,,,,,
VI IS Equity,Vesuvius India Ltd,705,19.1,724300032,0,545492736,1,,,,,
CARE IS Equity,Credit Analysis & Research Ltd,910,44.235068,1513466624,0,1123176576,1,,,,,
OGL IS Equity,Oswal Greentech Ltd,31.7,1298.231,-322937984,0,212199056,1,,,,,
TTKPT IS Equity,TTK Prestige Ltd,4131.1499,0,676968000,0,946060672,1,,,,,
SG IS Equity,Shanthi Gears Ltd,86,184,25200000,0,43763616,1,,,,,
CAIR IS Equity,Cairn India Ltd,141.1,-13587.5,1.01E+11,0,53920055296,1,,,,,
OFSS IS Equity,Oracle Financial Services Software Ltd,3385.3,-22428.23,16183680000,0,9612750848,1,,,,,
OMDC IS Equity,Orissa Minerals Development Co Ltd,1595.35,-106.427,329404992,0,-331594560,0,,,,,
LMW IS Equity,Lakshmi Machine Works Ltd,3212.45,-65.67,2122336000,0,1544426496,1,,,,,
BJHI IS Equity,Bajaj Holdings & Investment Ltd,1442,0,7960099840,0,4738198016,1,,,,,
JUBI IS Equity,Jubilant Foodworks Ltd,1106.65,-872.794,2821416960,0,1075470080,1,,,,,
SKF IS Equity,SKF India Ltd,1175.1,1162.9,2753900032,0,1421402240,1,,,,,
EMER IS Equity,Merck Ltd/India,658.8,-9.297,241200000,0,385868096,1,,,,,
GRV IS Equity,Greaves Cotton Ltd,125.65,-1140.6,2389400064,0,1885517440,1,,,,,
INGR IS Equity,Ingersoll-Rand India Ltd,627.55,-93.6,830609984,0,216111712,1,,,,,
JUST IS Equity,Just Dial Ltd,680.7,0,1990181888,0,1035343104,1,,,,,
TICL IS Equity,Tata Investment Corp Ltd,511,0,923825984,0,1841112192,1,,,,,
SUNTV IS Equity,Sun TV Network Ltd,343.35,2558.5,12428000256,0,7318669312,1,,,,,
MCHM IS Equity,Monsanto India Ltd,1684.1,1068.4,169200000,0,926214400,1,,,,,
WHIRL IS Equity,Whirlpool of India Ltd,639,-362.618,3294265088,0,1909714944,1,,,,,
ZYWL IS Equity,Zydus Wellness Ltd,729.75,98.7,958600000,0,855571648,1,,,,,
NBCC IS Equity,National Buildings Construction Corp Ltd,930,2888.321,-120949000,0,2031956352,1,,,,,
ENGR IS Equity,Engineers India Ltd,166.35,542.102,2542648064,0.018998999,1404470912,1,,,,,
INFOE IS Equity,Info Edge India Ltd,791.9,-872.67,917630016,0.038059998,95532856,1,,,,,
Z IS Equity,Zee Entertainment Enterprises Ltd,392.8,1449,7935000064,0.039638001,8278656000,1,,,,,
CLRC IS Equity,Clariant Chemicals India Ltd,609.45,203.72,390871008,0.041591998,954949632,1,,,,,
MTCL IS Equity,Mindtree Ltd,675.9,1312,5530999936,0.109382004,4855866176,1,,,,,
PFIZ IS Equity,Pfizer Ltd/India,1910.85,0,1526711040,0.126820996,1018166784,1,,,,,
GLXO IS Equity,GlaxoSmithKline Pharmaceuticals Ltd,3223,0,0,0.170341,0,1,,,,,
KSCL IS Equity,Kaveri Seed Co Ltd,405.5,1689.58154,1461506048,0.190118998,2895556864,1,,,,,
PSYS IS Equity,Persistent Systems Ltd,604.45,-46,2637830016,0.198335007,2382258048,1,,,,,
KSB IS Equity,KSB Pumps Ltd,590,-332.17,547939968,0.215642005,511174880,1,,,,,
FDCLT IS Equity,FDC Ltd/India,187.95,234.983,1404024064,0.220615998,1279802368,1,,,,,
TCS IS Equity,Tata Consultancy Services Ltd,2337.95,-28369.6,2.06E+11,0.261072993,1.92E+11,1,,,,,
BHE IS Equity,Bharat Electronics Ltd,1080.35,-5614.64,18626236416,0.303611994,7977398784,1,,,,,
NITEC IS Equity,NIIT Technologies Ltd,471,-1926.996158,2581665792,0.364401013,1844977792,1,,,,,
GMDC IS Equity,Gujarat Mineral Development Corp Ltd,67.5,632.371,2012878976,0.405021995,3067929088,1,,,,,
SIEM IS Equity,Siemens Ltd,1034.8,0,6880000000,0.492408991,5831392768,1,,,,,
HCLT IS Equity,HCL Technologies Ltd,821.3,15873.3,0,0.591004014,64352083968,1,,,,,
DIVI IS Equity,Divi's Laboratories Ltd,1019.85,793.047,8652318720,0.761632979,8182599168,1,,,,,
ITC IS Equity,ITC Ltd,316.9,-12728.5,1.07E+11,0.841036022,89031966720,1,,,,,
GBNP IS Equity,Geojit BNP Paribas Financial Services Lt,31.9,0,608478464,0.892414987,819458816,1,,,,,
COAL IS Equity,Coal India Ltd,325.3,8269.7,1.97E+11,1.010220051,97900797952,1,,,,,
BJAUT IS Equity,Bajaj Auto Ltd,2324,5947,22325899264,1.012585044,27299319808,1,,,,,
HUVR IS Equity,Hindustan Unilever Ltd,835.95,-2452.7,33486600192,1.063650966,35183611904,1,,,,,
JFI IS Equity,Jai Corp Ltd,71.4,-1455.775,913228032,1.173822999,421497024,1,,,,,
TVTN IS Equity,TV Today Network Ltd,304.4,11.703925,837515200,1.494601011,757978432,1,,,,,
EXID IS Equity,Exide Industries Ltd,134.35,4051.5,6677400064,1.496178031,7198170624,1,,,,,
HMCL IS Equity,Hero MotoCorp Ltd,2807.8501,12396.1,23058599936,1.524729967,21462343680,1,,,,,
BOS IS Equity,Bosch Ltd,17903.9004,0,14717100032,1.527153969,11351096320,1,,,,,
HMN IS Equity,Emami Ltd,948.5,-606.048,6872086016,1.571063995,4155593728,1,,,,,
3M IS Equity,3M India Ltd,10785,-177.853,1746087040,1.771654963,1132265600,1,,,,,
CCRI IS Equity,Container Corp Of India Ltd,1181.35,624.2,14322799616,2.168634892,7939271680,1,,,,,
EIM IS Equity,Eicher Motors Ltd,19853.0508,-640.1,11001900032,2.206089973,10168151040,1,,,,,
ICRA IS Equity,ICRA Ltd,3585,-148.902,691081024,2.357985973,558769280,1,,,,,
UL IS Equity,Unichem Laboratories Ltd,237.2,6.072,844081984,2.532712936,598470016,1,,,,,
PIDI IS Equity,Pidilite Industries Ltd,602.55,250.87,5473650176,2.567011118,4974474240,1,,,,,
PRJ IS Equity,Praj Industries Ltd,81.9,-583.525,1561054976,2.71133399,421859840,1,,,,,
MSIL IS Equity,Maruti Suzuki India Ltd,3627.1499,-12484,65235001344,2.737981081,33371389952,1,,,,,
KNPL IS Equity,Kansai Nerolac Paints Ltd,274.2,108.4,3150200064,3.185966015,2611338240,1,,,,,
TTAN IS Equity,Titan Co Ltd,343.45,3468.9,4984600064,3.235868931,8276373504,1,,,,,
KEKC IS Equity,Kewal Kiran Clothing Ltd,1805,0,758723008,3.549969912,636075712,1,,,,,
SPADV IS Equity,Sun Pharma Advanced Research Co Ltd,294.55,-573.344,-371232000,3.677355051,-412909568,0,,,,,
MTEL IS Equity,MT Educare Ltd,156.15,80.601,185066000,3.927556992,226746800,1,,,,,
GABR IS Equity,Gabriel India Ltd,88.4,19.56,909420032,4.083469868,621179136,1,,,,,
LOG IS Equity,LA Opala RG Ltd,571.5,-17.448422,461709472,4.241516113,418797344,1,,,,,
NTB IS Equity,Noida Toll Bridge Co Ltd,24.9,151.911619,622563072,4.269211769,803487680,1,,,,,
RMT IS Equity,Ratnamani Metals & Tubes Ltd,432.5,0,1530292992,4.271020889,1639956480,1,,,,,
AMRJ IS Equity,Amara Raja Batteries Ltd,909.75,1387.07,4056649984,4.362279892,3930750464,1,,,-3782.386,-3262190989,7.500385833
AIAE IS Equity,AIA Engineering Ltd,818.4,1231.496,3286170112,4.716115952,3745682944,1,,,,,
BHEL IS Equity,Bharat Heavy Electricals Ltd,104.75,-6826.1,16395899904,5.515623093,20056455168,1,,,,,
TECHM IS Equity,Tech Mahindra Ltd,470,13080,0,5.668331146,25498462208,1,,,,,
SSOF IS Equity,Sonata Software Ltd,165.2,2051.133207,855244352,5.700977802,1192198400,1,,,,,
VOLT IS Equity,Voltas Ltd,238.95,-1127.568,3266624000,5.762740135,3194500608,1,,,,,
LPC IS Equity,Lupin Ltd,1818.1,-5702.8,27946999808,6.036303997,23840589824,1,,,,,
IGL IS Equity,Indraprastha Gas Ltd,541.45,-456,6651200000,6.925691128,4347557888,1,,,,,
DBCL IS Equity,DB Corp Ltd,328,-365.440391,0,7.386825085,2789420480,1,,,,,
GALK IS Equity,Gujarat Alkalies & Chemicals Ltd,163.5,0,3110242048,7.561533928,2033801216,1,,,,,
CYL IS Equity,Cyient Ltd,413.15,481.729422,4035524352,7.938753128,2594149376,1,,,,,
TRENT IS Equity,Trent Ltd,1455.2,-2284.6,6800000,8.202589989,12196912,1,,,,,
ATFL IS Equity,Agro Tech Foods Ltd,482.4,63.08,397329984,8.242031097,389791136,1,,,,,
AJP IS Equity,Ajanta Pharma Ltd,1444,774.1,2734000128,8.605500221,3082767616,1,,,,,
APNT IS Equity,Asian Paints Ltd,890.85,3808.1,12347799552,8.780410767,13763408896,1,,,,,
FNXC IS Equity,Finolex Cables Ltd,232.2,133.5,2030300032,10.01976585,1493629184,1,,,,,
VIP IS Equity,VIP Industries Ltd,97.3,493.3,132500000,10.1488142,433629696,1,,,,,
TDPS IS Equity,TD Power Systems Ltd,219.05,-388.112929,614340224,11.60865688,173122448,1,,,,,
BRIT IS Equity,Britannia Industries Ltd,2823.55,-237.1,6113399808,11.62848473,5144479232,1,,,,,
GEO IS Equity,Geometric Ltd,177.15,1181.568013,575866944,11.69171333,660422720,1,,,,,
JBCP IS Equity,JB Chemicals & Pharmaceuticals Ltd,274.55,-1102.792,1239379968,12.80240059,1760497920,1,,,,,
PI IS Equity,PI Industries Ltd,558.35,755.025,1953548032,12.80530357,2287836672,1,,,,,
MUNI IS Equity,Mayur Uniquoters Ltd,400,0,571612032,13.18577766,625256128,1,,,,,
CUBK IS Equity,City Union Bank Ltd,86.55,0,5826580992,14.08212471,5408075776,1,,,,,
TV18 IS Equity,TV18 Broadcast Ltd,39.85,2274.824,-1408300032,14.44093418,1389572224,1,,,,,
GDPL IS Equity,Gateway Distriparks Ltd,264.5,131.146393,2206816256,14.61715794,1953056256,1,,,,,
VO IS Equity,Vinati Organics Ltd,405.5,78.309,1110162944,15.04343891,1164134912,1,,,,,
ZENT IS Equity,Zensar Technologies Ltd,868,1000.689,3131579904,15.15926075,2532911104,1,,,,,
BHIN IS Equity,Bharti Infratel Ltd,379.1,-5023,37511999488,15.17156315,18564456448,1,,,,,
RALI IS Equity,Rallis India Ltd,153.8,1468.182,593524992,15.19499588,1631296512,1,,,,,
CIPLA IS Equity,Cipla Ltd/India,534.6,5919.9,10383500288,15.51024055,12653576192,1,,,,,
EIH IS Equity,EIH Ltd,105.15,64.36,2948430080,15.55648232,1037649408,1,,,,,
APTY IS Equity,Apollo Tyres Ltd,169.25,1596.55,12245489664,15.87718868,11347130368,1,,,,,
KPIT IS Equity,KPIT Technologies Ltd,144.2,-76.960002,0,15.96821785,2323617504,1,,,,,
THEAL IS Equity,Tree House Education and Accessories Ltd,75.4,-37.222738,484975040,16.41337585,682552576,1,,,,,
GSFC IS Equity,Gujarat State Fertilizers & Chemicals Lt,65.5,0,2766746880,16.52148819,3850003456,1,,,,,
FTECH IS Equity,Financial Technologies India Ltd,79.65,0,-652192000,16.7448082,-2441999104,0,,,,,
MHRL IS Equity,Mahindra Holidays & Resorts India Ltd,382,-280.941628,2017165056,17.06378365,871508032,1,,,,,
SRCM IS Equity,Shree Cement Ltd,11224.9502,2252.2,11982799872,17.37274742,4497726976,1,,,,,
HTML IS Equity,HT Media Ltd,82.75,-1760.465,4268719104,17.62115288,1699876352,1,,,,,
OBER IS Equity,Oberoi Realty Ltd,248.5,13022.824,-10133048320,18.08385849,3639955456,1,,,,,
BLCL IS Equity,Balmer Lawrie & Co Ltd,542,319.371,2288499968,18.92183495,1377292288,1,,,,,
VATW IS Equity,VA Tech Wabag Ltd,488.4,1283.3,-39100000,19.9023838,1610120576,1,,,,,
ABB IS Equity,ABB India Ltd,1153.85,1215.3,3946099968,19.94316292,3492418304,1,,,,,
ATXL IS Equity,Automotive Axles Ltd,585,0,0,20.65078735,224700720,1,,,,,
TGBL IS Equity,Tata Global Beverages Ltd,116.45,-678.148,4789520896,20.78865051,3578687232,1,,,,,
GP IS Equity,Godfrey Phillips India Ltd,1220,2216.876,488187008,20.99866867,1749631232,1,,,,,
GRIL IS Equity,Graphite India Ltd,70.2,-554.18,1610320000,20.99999809,539673728,1,,,,,
NIIT IS Equity,NIIT Ltd,80.95,-660.94,330670016,21.01534843,-972257600,0,,,,,
CENK IS Equity,Century Enka Ltd,161.6,-244.4,1115100032,21.24305344,444306240,1,,,,,
WPRO IS Equity,Wipro Ltd,533.85,41875,1.00E+11,21.35359192,74692184064,1,,,,,
ATD IS Equity,Alstom T&D India Ltd,378.55,-1092.2,4350799872,21.37978363,2072847872,1,,,,,
DABUR IS Equity,Dabur India Ltd,247,1148,11174400000,21.75251389,9922298880,1,,,,,
ESC IS Equity,Escorts Ltd,135.3,-392.527,0,22.29761505,914675200,1,,,,,
MRKS IS Equity,Marksans Pharma Ltd,51,90.935559,1490911488,22.8403492,1147621760,1,,,,,
VGM IS Equity,Vaibhav Global Ltd,360,75.378552,1125252352,23.23560143,986494080,1,,,,,
MRCO IS Equity,Marico Ltd,237.45,1667.1,6756800000,23.27638245,5708249600,1,,,,,
HAVL IS Equity,Havells India Ltd,283.6,-4967.3,9326799872,23.31116867,4364133376,1,,,,,
CU IS Equity,Carborundum Universal Ltd,178,-903.31,3059889920,24.22737503,1155141504,1,,,,,
TC IS Equity,Thomas Cook India Ltd,188.8,0,928732544,24.33564377,1446293120,1,,,,,
NELI IS Equity,Navneet Education Ltd,81.7,-36.4,1547200000,26.42690277,1393025152,1,,,,,
MHS IS Equity,Maharashtra Seamless Ltd,139.5,414.843279,1142855168,26.85298347,685845824,1,,,,,
TMX IS Equity,Thermax Ltd,758,-2528.6,2952699904,27.71419144,2111770752,1,,,,,
MCLR IS Equity,McLeod Russel India Ltd,178.35,1893.346,762497984,28.44451141,490553312,1,,,,,
ATLP IS Equity,Atul Ltd,1446,168.1,2828600064,28.60520554,2358911488,1,,,,,
NETM IS Equity,Network 18 Media & Investments Ltd,43.05,-1228.778608,-2168812032,29.21332741,-3588094976,0,,,,,
GUJS IS Equity,Gujarat State Petronet Ltd,128.9,17.131,5383095808,29.37373734,4878789632,1,,,,,
BIOS IS Equity,Biocon Ltd,492.25,1759,0,29.43201447,4352436864,1,,,,,
ONGC IS Equity,Oil & Natural Gas Corp Ltd,206.25,76973.69,3.63E+11,29.48952866,1.58E+11,1,,,,,
ALPM IS Equity,Alembic Pharmaceuticals Ltd,620.5,1394.451,1688624000,29.78603935,2799098368,1,,,,,
HDIL IS Equity,Housing Development & Infrastructure Ltd,71.4,333.791,1733812992,29.92531013,5806891520,1,,,,,
KJC IS Equity,Kajaria Ceramics Ltd,930,259.4,1818300032,30.29884338,2049405824,1,,,,,
BEML IS Equity,BEML Ltd,1046.1,-4033.26,4907211776,31.07337189,149684016,1,,,,,
SUNP IS Equity,Sun Pharmaceutical Industries Ltd,860.4,16584.7,53591199744,31.56948853,58429734912,1,,,,,
AGLL IS Equity,Allcargo Logistics Ltd,158.1,-151.9,3844999936,31.78122711,2504238336,1,,,,,
ASTRA IS Equity,Astral Polytechnik Ltd,371.2,871.342,922504000,31.89550972,947343296,1,,,,,
ARCP IS Equity,Anant Raj Ltd,32.7,1235.826955,2025147520,31.91618729,1793070336,1,,,,,
MMTC IS Equity,MMTC Ltd,35.5,1830.62,-1084390016,31.99109077,-148787136,0,,,,,
SI IS Equity,Supreme Industries Ltd,754,-1517.617,5472064000,32.46018982,3529149952,1,,,,,
GIP IS Equity,Gujarat Industries Power Co Ltd,78,-526.114,2807867904,33.0194664,1533261568,1,,,,,
EROS IS Equity,Eros International Media Ltd,166.95,-2284,8962400256,33.13042068,2839410688,1,,,,,
HMFC IS Equity,Himachal Futuristic Communications Ltd,16.4,3832.1,968499968,33.14260101,3070170112,1,,,,,
DEN IS Equity,DEN Networks Ltd,85.2,-441.34,439940000,33.71425629,-1327571072,0,,,,,
DBRL IS Equity,DB Realty Ltd,42.9,6647.595578,-5896770048,34.2623024,238193584,1,,,,,
VKI IS Equity,Vakrangee Ltd,226.95,5715.261,-657318976,34.45927811,3674599424,1,,,,,
NOCIL IS Equity,NOCIL Ltd,45.1,632.642,170274000,35.49960709,665367040,1,,,,,
INOL IS Equity,Inox Leisure Ltd,207,0,57921000,35.66896439,405509120,1,,,,,
FMGI IS Equity,Federal-Mogul Goetze India Ltd,310.2,0,0,36.30294418,721604928,1,,,,,
EVRIN IS Equity,Eveready Industries India Ltd,236.45,501.026,381632000,36.46367264,734955776,1,,,,,
KPDL IS Equity,Kolte-Patil Developers Ltd,109.95,2066.8,-74100000,36.60100555,1224198528,1,,,,,
FORH IS Equity,Fortis Healthcare Ltd,171,592.372,-413948000,36.63363647,-606347328,0,,,,,
NTCPH IS Equity,Natco Pharma Ltd,484.9,794.168715,631107328,36.6405983,1642344192,1,,,,,
VISP IS Equity,Visagar Polytex Ltd,24.8,30.810125,0,38.32039261,36396784,1,,,,,
BBTC IS Equity,Bombay Burmah Trading Co,368,720.466,7228290048,38.32580566,5115652096,1,,,,,
GRASIM IS Equity,Grasim Industries Ltd,3598.5,-2800.3,39937400832,38.70731354,26363418624,1,,,,,
KBL IS Equity,Karnataka Bank Ltd/The,95.55,0,-30234697728,39.50691605,6526151168,1,,,,,
PAG IS Equity,Page Industries Ltd,11480.0498,870.924219,1502094336,40.66586685,2014049792,1,,,,,
DCMS IS Equity,DCM Shriram Ltd,126.8,1769.3,880899968,40.85022736,2800557568,1,,,,,
RAI IS Equity,Rico Auto Industries Ltd,32.4,1241.8,-1177600000,40.93608475,32362724,1,,,,,
OINL IS Equity,Oil India Ltd,309.75,2732.7,29630500864,41.23921967,20868964352,1,,,,,
MRF IS Equity,MRF Ltd,34319.5,-747.4,15114399744,41.91437149,10521718784,1,,,,,
PKI IS Equity,Prakash Industries Ltd,29.3,-729,2033100032,42.09688568,3114099968,1,,,,,
IPCA IS Equity,Ipca Laboratories Ltd,554.1,-257.6,4405799936,42.33731842,2535265536,1,,,,,
DELTA IS Equity,Delta Corp Ltd,61.7,-121.984,338383008,42.70911789,55989540,1,,,,,
NLC IS Equity,Neyveli Lignite Corp Ltd,66.5,2897.2,19327899648,43.32040024,10055461888,1,,,,,
PSL IS Equity,Pennar Industries Ltd,44,882.9,-39200000,43.45567322,662785216,1,,,,,
DRRD IS Equity,Dr Reddy's Laboratories Ltd,3187.05,-428,24955000832,43.78419113,22564360192,1,,,,,
UBBL IS Equity,United Breweries Ltd,804,-3647.3,7777600000,45.14081573,2908159744,1,,,,,
CEAT IS Equity,Ceat Ltd,1068.1,-1588.687,6171094016,45.19393921,3945350912,1,,,,,
PLNG IS Equity,Petronet LNG Ltd,248.6,9229.6,6360699904,46.65640259,10070351872,1,,,,,
LGBB IS Equity,LG Balakrishnan & Bros Ltd,425,47.855,1017420992,46.97043991,810777280,1,,,,,
BRGR IS Equity,Berger Paints India Ltd,236,769.3,3150299904,48.35475159,2813837568,1,,,,,
OBC IS Equity,Oriental Bank of Commerce,90.05,0,32086816768,48.37166977,25937946624,1,,,,,
NBVL IS Equity,Nava Bharat Ventures Ltd,162,-3529.831,8657121280,48.68504333,2075187456,1,,,,,
OAXE IS Equity,Omaxe Ltd,140.85,2027.71,-381620000,49.01335526,1228634240,1,,,,,
BCORP IS Equity,Birla Corp Ltd,354,532.499,2663982080,49.56937408,1328784896,1,,,,,
FSOL IS Equity,Firstsource Solutions Ltd,35.45,1169.21,2050099968,49.58761215,3022028800,1,,,,,
GFLC IS Equity,Gujarat Fluorochemicals Ltd,491,6706.775,-570643968,50.45569992,5783222272,1,,,,,
JAGP IS Equity,Jagran Prakashan Ltd,152.8,-1816.764,4295678976,50.47009659,2438938624,1,,,,,
GAIL IS Equity,GAIL India Ltd,343.9,7328.2,34254200832,51.12033081,31086536704,1,,,,,
SVLS IS Equity,Suven Life Sciences Ltd,203.25,116.3924789,-5854000,51.33581161,0,1,,,,,
UTCEM IS Equity,UltraTech Cement Ltd,2998.05,-5001.2,36369301504,51.57117081,22527680512,1,,,,,
WPL IS Equity,Wockhardt Ltd,970.8,2891.6,3139099904,52.08379745,4889817600,1,,,,,
UPLL IS Equity,UPL Ltd,454.35,906,7350499840,55.55905533,16261141504,1,,,,,
INBK IS Equity,Indian Bank,102.65,0,8695799808,57.28805542,29505632256,1,,,,,
EDA IS Equity,Ess Dee Aluminium Ltd,144.45,-480.649,1527907968,57.61168289,881331200,1,,,,,
HSI IS Equity,HSIL Ltd,270,142.444,1880132992,59.40569305,1376493696,1,,,,,
CDH IS Equity,Cadila Healthcare Ltd,347.5,3227,9683000320,59.97737885,12253472768,1,,,,,
NHPC IS Equity,NHPC Ltd,21.5,6571.5,32487800832,60.39468765,26401984512,1,,,,,
TEEC IS Equity,Techno Electric & Engineering Co Ltd,467.5,1869.049,8787000,60.4467926,1259804928,1,,,,,
INXW IS Equity,Inox Wind Ltd,274.85,5897.22,-1258829952,60.7053566,3089050880,1,,,,,
GCPL IS Equity,Godrej Consumer Products Ltd,1242.95,7030.3,9164099584,60.74925232,10033667072,1,,,,,
KTG IS Equity,Kitex Garments Ltd,418,100.98978,1095979776,61.09957504,1029382784,1,,,,,
APHS IS Equity,Apollo Hospitals Enterprise Ltd,1412,2102.78,3636400128,61.40707779,4380433920,1,,,,,
PIEL IS Equity,Piramal Enterprises Ltd,919.45,5620.1,-21932699648,62.10008621,5438972416,1,,,,,
FB IS Equity,Federal Bank Ltd,48.95,0,11063071744,64.01194763,11747785728,1,,,,,
MOFS IS Equity,Motilal Oswal Financial Services Ltd,279.05,0,-3144640000,64.56463623,1507094912,1,,,,,
ELEQ IS Equity,Elgi Equipments Ltd,132.65,25.02,685150016,65.00629425,482780352,1,,,,,
JKIL IS Equity,J Kumar Infraprojects Ltd,286.5,1352.688,-59239000,65.32061768,1376950912,1,,,,,
APR IS Equity,Apar Industries Ltd,458.05,-2897.4,2516999936,67.59870148,1511676544,1,,,,,
SAIL IS Equity,Steel Authority of India Ltd,43,3164.8,22298099712,69.16569519,27595100160,1,,,,,
VTEX IS Equity,Vardhman Textiles Ltd,777,-5116.074,13095332864,69.18094635,4212595712,1,,,,,
SONA IS Equity,Sona Koyo Steering Systems Ltd,42.75,-72.017,1663708032,69.20867157,771930240,1,,,,,
DCIL IS Equity,Dredging Corp of India Ltd,327.9,0,2171200000,70.5378418,1010348544,1,,,,,
BJE IS Equity,Bajaj Electricals Ltd,190.1,342.38,-5852000,71.37802887,844065408,1,,,,,
KCPL IS Equity,KCP Ltd,69.85,-430.947717,1545176704,71.90036774,946467840,1,,,,,
REDI IS Equity,Redington India Ltd,108.9,4556.307,1097003008,72.34351349,5434211840,1,,,,,
MLIFE IS Equity,Mahindra Lifespace Developers Ltd,425,1926.582,2569474048,72.56282806,2765590016,1,,,,,
RIL IS Equity,Reliance Industries Ltd,1015.8,-309120,3.48E+11,72.61089325,2.05E+11,1,,,,,
SRIN IS Equity,Sunteck Realty Ltd,233,13732.83513,-320386528,72.79089355,891714112,1,,,,,
JYL IS Equity,Jyothy Laboratories Ltd,283,-824.23,1569390976,72.89418793,1573334656,1,,,,,
UFLX IS Equity,Uflex Ltd,153.7,1373.579,3302949120,73.45927429,4432857600,1,,,,,
RCF IS Equity,Rashtriya Chemicals & Fertilizers Ltd,37.9,4127.8,1018600000,73.60127258,3866355968,1,,,,,
BHFC IS Equity,Bharat Forge Ltd,834.1,4522.87,9417450496,74.1957016,7670476800,1,,,,,
GTIC IS Equity,Gati Ltd,114.5,-747.69,556499968,75.141716,806114496,1,,,,,
DISH IS Equity,Dishman Pharmaceuticals & Chemicals Ltd,364.25,196.442,2151147008,75.35161591,1265242240,1,,,,,
KVB IS Equity,Karur Vysya Bank Ltd/The,407,0,-12563241984,75.77593994,5052359680,1,,,,,
STR IS Equity,Strides Shasun Ltd,1058.55,895.85,731209984,76.63142395,79454464,1,,,,,
NDTV IS Equity,New Delhi Television Ltd,119.15,197.29,-295660000,76.63195801,-342556928,0,,,,,
SEIN IS Equity,SE Investments Ltd,185,0,212942656,77.16985321,432201792,1,,,,,
FLFL IS Equity,Future Lifestyle Fashions Ltd,78.5,0,789800000,77.78861237,1389037952,1,,,,,
UT IS Equity,Unitech Ltd,5.6,1238.38825,-3786575104,78.62223053,6529014272,1,,,,,
PVKP IS Equity,Puravankara Projects Ltd,47.7,668.8,1031000000,79.31331635,3139235584,1,,,,,
TCO IS Equity,Tata Coffee Ltd,88,-262.178,2079270016,81.13202667,1857185280,1,,,,,
HTFL IS Equity,Heritage Foods Ltd,520.75,240.308,364715008,81.5809021,353003424,1,,,,,
SOBHA IS Equity,Sobha Ltd,253,7571.49,-4473930240,82.34952545,3590801664,1,,,,,
FNXP IS Equity,Finolex Industries Ltd,359,361.074,1613227008,82.52807617,949613696,1,,,,,
DLFU IS Equity,DLF Ltd,106.55,4199.98,-7329631232,83.47846222,19997583360,1,,,,,
FCEL IS Equity,Future Consumer Enterprise Ltd,21.2,143.884,-2532515072,83.8575058,-918025472,0,,,,,
TVSL IS Equity,TVS Motor Co Ltd,286,3206.6,582099968,84.48246002,3057385216,1,,,,,
BHARTI IS Equity,Bharti Airtel Ltd,333.3,-12723,2.30E+11,85.55614471,83817244672,1,,,,,
ARBP IS Equity,Aurobindo Pharma Ltd,726.6,10410.5,11783900160,85.89930725,16841032704,1,,,,,
VEDL IS Equity,Vedanta Ltd,89.45,19186.7,1.31E+11,86.96637726,51734282240,1,,,,,
KPR IS Equity,KPR Mill Ltd,760.8,1143.1,2332000000,87.20707703,2359799808,1,,,,,
BLSTR IS Equity,Blue Star Ltd,330,-1546.659,1698022016,87.30367279,1547008640,1,,,,,
GESCO IS Equity,Great Eastern Shipping Co Ltd/The,307.5,-276.7,12231300096,88.00894165,7717522944,1,,,,,
HEG IS Equity,HEG Ltd,139.15,-838.125,2024504064,90.44799042,1053346688,1,,,,,
OPTC IS Equity,Opto Circuits India Ltd,11.1,1006.50581,-2884232704,90.85599518,394901824,1,,,,,
KNRC IS Equity,KNR Constructions Ltd,522.6,499.079,521190016,90.97364807,717065536,1,,,,,
NJCC IS Equity,NCC Ltd/India,68.9,164.69,2398579968,91.0510788,3493295872,1,,,,,
HCLI IS Equity,HCL Infosystems Ltd,41.5,1751,-3480499968,91.50695801,-560968832,0,,,,,
IOCL IS Equity,Indian Oil Corp Ltd,389.6,-314141.7,4.26E+11,92.82933044,42562125824,1,,,,,
DFPC IS Equity,Deepak Fertilisers & Petrochemicals Corp,158.15,4127.282,-1570082944,93.6690979,1410016256,1,,,,,
HSS IS Equity,Himatsingka Seide Ltd,189,-229.095,1314011008,93.96134949,1369366016,1,,,,,
RELI IS Equity,Reliance Infrastructure Ltd,513.5,14812.9,17129299968,94.84393311,22275944448,1,,,,,
WLCO IS Equity,Welspun Corp Ltd,90.35,-2591.88,7637069824,95.73596191,3811090688,1,,,,,
PEPL IS Equity,Prestige Estates Projects Ltd,148,12702.8,-7308499968,96.1468277,4974305280,1,,,,,
HATH IS Equity,Hathway Cable & Datacom Ltd,36.7,243,1059100032,97.67273712,-567129152,0,,,,,
SF IS Equity,Sundram Fasteners Ltd,145.9,2103.5141,668867968,98.28105164,1892627328,1,,,,,
SBTR IS Equity,State Bank of Travancore,382.9,0,2103969024,98.90162659,10415460352,1,,,,,
SINT IS Equity,Sintex Industries Ltd,72.05,897.5,6902099968,99.03826141,6834585088,1,,,,,
LIIL IS Equity,Linde India Ltd,266,-33.59,1380630016,99.68956757,676436416,1,,,,,
KRB IS Equity,KRBL Ltd,209.8,1356.712,2603120128,101.9146805,3554073856,1,,,,,
